Theatre,Website,Logo,Facebook,Twitter,Instagram,YouTube,Email,Phone
Annapolis Summer Garden Theatre,,,,,,,,
City of Fairfax Theatre,http://www.fairfaxcitytheatre.org/,cftc.jpg,https://www.facebook.com/CityofFairfaxTheatre/,https://twitter.com/CFTC_Fairfax,https://www.instagram.com/fairfaxcitytheatre/,https://www.youtube.com/channel/UCCFX4LTTtSo8Fs3Yh732NGA,fairfaxcitytheatre@gmail.com,
Colonial Players of Annapolis,,,,,,,,
Little Theatre of Alexandria,,,,,,,,
Port Tobacco Players,,,,,,,,
Prince William Little Theatre,,,,,,,,
Providence Players,,,,,,,,
Reston Community Players,https://restonplayers.org/,rcp.jpg,https://www.facebook.com/restonplayers/?fref=ts,https://www.instagram.com/restonplayers/,https://www.instagram.com/restonplayers/,https://www.youtube.com/user/restonplayers,,
Rockville Musical Theatre,,,,,,,,
Silver Spring Stage,,,,,,,,
Victorian Lyric Opera Company,,,,,,,,